celltype,contrast,n_tests,n_sig,frac_sig
CELL_TYPES_WANSLEEBEN_HOGAN_2013_ACTIVATED_CD8T,Met_vs_Normal,15980,7729,0.4837
CELL_TYPES_WANSLEEBEN_HOGAN_2013_AE2,IVprimary_vs_Met,7913,3791,0.4791
CELL_TYPES_WANSLEEBEN_HOGAN_2013_AE2,IVprimary_vs_Normal,11040,5037,0.4562
CELL_TYPES_WANSLEEBEN_HOGAN_2013_AE2,IVprimary_vs_StageI,12956,6199,0.4785
CELL_TYPES_WANSLEEBEN_HOGAN_2013_AE2,Met_vs_Normal,10975,4771,0.4347
CELL_TYPES_WANSLEEBEN_HOGAN_2013_AE2,Met_vs_StageI,12899,6026,0.4672
CELL_TYPES_WANSLEEBEN_HOGAN_2013_AE2,Normal_vs_StageI,14731,7805,0.5298
CELL_TYPES_WANSLEEBEN_HOGAN_2013_CILIATED_CELLS,Met_vs_Normal,16611,6919,0.4165
CELL_TYPES_WANSLEEBEN_HOGAN_2013_CILIATED_CELLS,Met_vs_StageI,12333,6132,0.4972
CELL_TYPES_WANSLEEBEN_HOGAN_2013_CILIATED_CELLS,Normal_vs_StageI,17054,8925,0.5233
CELL_TYPES_WANSLEEBEN_HOGAN_2013_CYTOTOXIC_T_NK,IVprimary_vs_Met,7313,3209,0.4388
CELL_TYPES_WANSLEEBEN_HOGAN_2013_CYTOTOXIC_T_NK,IVprimary_vs_Normal,11552,4590,0.3973
CELL_TYPES_WANSLEEBEN_HOGAN_2013_CYTOTOXIC_T_NK,IVprimary_vs_StageI,8085,3264,0.4037
CELL_TYPES_WANSLEEBEN_HOGAN_2013_CYTOTOXIC_T_NK,Met_vs_Normal,11515,5611,0.4873
CELL_TYPES_WANSLEEBEN_HOGAN_2013_CYTOTOXIC_T_NK,Met_vs_StageI,8055,3802,0.472
CELL_TYPES_WANSLEEBEN_HOGAN_2013_CYTOTOXIC_T_NK,Normal_vs_StageI,11998,5270,0.4392
CELL_TYPES_WANSLEEBEN_HOGAN_2013_DC,IVprimary_vs_Met,9350,4822,0.5157
CELL_TYPES_WANSLEEBEN_HOGAN_2013_DC,IVprimary_vs_Normal,13023,5944,0.4564
CELL_TYPES_WANSLEEBEN_HOGAN_2013_DC,IVprimary_vs_StageI,13702,6600,0.4817
CELL_TYPES_WANSLEEBEN_HOGAN_2013_DC,Met_vs_Normal,13590,7346,0.5405
CELL_TYPES_WANSLEEBEN_HOGAN_2013_DC,Met_vs_StageI,14063,8419,0.5987
CELL_TYPES_WANSLEEBEN_HOGAN_2013_DC,Normal_vs_StageI,16119,10097,0.6264
CELL_TYPES_WANSLEEBEN_HOGAN_2013_ENDOTHELIAL,IVprimary_vs_Met,5957,2010,0.3374
CELL_TYPES_WANSLEEBEN_HOGAN_2013_ENDOTHELIAL,IVprimary_vs_Normal,18313,3478,0.1899
CELL_TYPES_WANSLEEBEN_HOGAN_2013_ENDOTHELIAL,IVprimary_vs_StageI,10707,3028,0.2828
CELL_TYPES_WANSLEEBEN_HOGAN_2013_ENDOTHELIAL,Met_vs_Normal,18394,5840,0.3175
CELL_TYPES_WANSLEEBEN_HOGAN_2013_ENDOTHELIAL,Met_vs_StageI,10905,4459,0.4089
CELL_TYPES_WANSLEEBEN_HOGAN_2013_ENDOTHELIAL,Normal_vs_StageI,18921,9877,0.522
CELL_TYPES_WANSLEEBEN_HOGAN_2013_EPITHELIAL,IVprimary_vs_Met,7242,3019,0.4169
CELL_TYPES_WANSLEEBEN_HOGAN_2013_EPITHELIAL,IVprimary_vs_Normal,15963,6307,0.3951
CELL_TYPES_WANSLEEBEN_HOGAN_2013_EPITHELIAL,IVprimary_vs_StageI,12299,5746,0.4672
CELL_TYPES_WANSLEEBEN_HOGAN_2013_EPITHELIAL,Met_vs_Normal,15703,4487,0.2857
CELL_TYPES_WANSLEEBEN_HOGAN_2013_EPITHELIAL,Met_vs_StageI,11780,4294,0.3645
CELL_TYPES_WANSLEEBEN_HOGAN_2013_EPITHELIAL,Normal_vs_StageI,17389,10721,0.6165
CELL_TYPES_WANSLEEBEN_HOGAN_2013_EXHAUSTED_REGUL,Met_vs_Normal,21407,8493,0.3967
CELL_TYPES_WANSLEEBEN_HOGAN_2013_EXHAUSTED_REGUL,Met_vs_StageI,17603,8021,0.4557
CELL_TYPES_WANSLEEBEN_HOGAN_2013_EXHAUSTED_REGUL,Normal_vs_StageI,23599,15096,0.6397
CELL_TYPES_WANSLEEBEN_HOGAN_2013_GOBLET_CELLS,IVprimary_vs_Met,8900,3674,0.4128
CELL_TYPES_WANSLEEBEN_HOGAN_2013_GOBLET_CELLS,IVprimary_vs_StageI,14090,4563,0.3238
CELL_TYPES_WANSLEEBEN_HOGAN_2013_GOBLET_CELLS,Met_vs_StageI,14605,5713,0.3912
CELL_TYPES_WANSLEEBEN_HOGAN_2013_MACROPHAGE_M1,IVprimary_vs_Met,4454,773,0.1736
CELL_TYPES_WANSLEEBEN_HOGAN_2013_MACROPHAGE_M1,IVprimary_vs_Normal,13377,4467,0.3339
CELL_TYPES_WANSLEEBEN_HOGAN_2013_MACROPHAGE_M1,Met_vs_Normal,12299,1124,0.0914
CELL_TYPES_WANSLEEBEN_HOGAN_2013_MACROPHAGE_M2,IVprimary_vs_Met,9284,4756,0.5123
CELL_TYPES_WANSLEEBEN_HOGAN_2013_MACROPHAGE_M2,IVprimary_vs_Normal,18661,8211,0.44
CELL_TYPES_WANSLEEBEN_HOGAN_2013_MACROPHAGE_M2,IVprimary_vs_StageI,13264,6687,0.5041
CELL_TYPES_WANSLEEBEN_HOGAN_2013_MACROPHAGE_M2,Met_vs_Normal,18705,8053,0.4305
CELL_TYPES_WANSLEEBEN_HOGAN_2013_MACROPHAGE_M2,Met_vs_StageI,13634,7169,0.5258
CELL_TYPES_WANSLEEBEN_HOGAN_2013_MACROPHAGE_M2,Normal_vs_StageI,18910,13154,0.6956
CELL_TYPES_WANSLEEBEN_HOGAN_2013_MAST,IVprimary_vs_Normal,11465,3709,0.3235
CELL_TYPES_WANSLEEBEN_HOGAN_2013_MAST,IVprimary_vs_StageI,8203,3252,0.3964
CELL_TYPES_WANSLEEBEN_HOGAN_2013_MAST,Normal_vs_StageI,12724,5590,0.4393
CELL_TYPES_WANSLEEBEN_HOGAN_2013_MESENCHYAL,Met_vs_Normal,17443,5530,0.317
CELL_TYPES_WANSLEEBEN_HOGAN_2013_MONOCYTIC,IVprimary_vs_Met,8001,3392,0.4239
CELL_TYPES_WANSLEEBEN_HOGAN_2013_MONOCYTIC,IVprimary_vs_Normal,18933,5364,0.2833
CELL_TYPES_WANSLEEBEN_HOGAN_2013_MONOCYTIC,IVprimary_vs_StageI,13299,4905,0.3688
CELL_TYPES_WANSLEEBEN_HOGAN_2013_MONOCYTIC,Met_vs_Normal,18939,7826,0.4132
CELL_TYPES_WANSLEEBEN_HOGAN_2013_MONOCYTIC,Met_vs_StageI,13585,6662,0.4904
CELL_TYPES_WANSLEEBEN_HOGAN_2013_MONOCYTIC,Normal_vs_StageI,19084,13744,0.7202
CELL_TYPES_WANSLEEBEN_HOGAN_2013_NE_CELLS,Met_vs_StageI,15144,5929,0.3915
CELL_TYPES_WANSLEEBEN_HOGAN_2013_NK_CELLS,Met_vs_StageI,20420,4408,0.2159
CELL_TYPES_WANSLEEBEN_HOGAN_2013_PERICYTES,IVprimary_vs_Met,12795,4988,0.3898
CELL_TYPES_WANSLEEBEN_HOGAN_2013_PERICYTES,IVprimary_vs_StageI,17832,5829,0.3269
CELL_TYPES_WANSLEEBEN_HOGAN_2013_PERICYTES,Met_vs_StageI,19771,9415,0.4762
CELL_TYPES_WANSLEEBEN_HOGAN_2013_SEROUS_CELLS,IVprimary_vs_Met,4815,1284,0.2667
CELL_TYPES_WANSLEEBEN_HOGAN_2013_SEROUS_CELLS,IVprimary_vs_Normal,16699,4539,0.2718
CELL_TYPES_WANSLEEBEN_HOGAN_2013_SEROUS_CELLS,IVprimary_vs_StageI,12800,4420,0.3453
CELL_TYPES_WANSLEEBEN_HOGAN_2013_SEROUS_CELLS,Met_vs_Normal,16435,2351,0.143
CELL_TYPES_WANSLEEBEN_HOGAN_2013_SEROUS_CELLS,Met_vs_StageI,12218,2248,0.184
CELL_TYPES_WANSLEEBEN_HOGAN_2013_SEROUS_CELLS,Normal_vs_StageI,17983,12180,0.6773
CELL_TYPES_WANSLEEBEN_HOGAN_2013_TREG,IVprimary_vs_Met,7490,2768,0.3696
CELL_TYPES_WANSLEEBEN_HOGAN_2013_TREG,IVprimary_vs_Normal,18002,3794,0.2108
CELL_TYPES_WANSLEEBEN_HOGAN_2013_TREG,IVprimary_vs_StageI,12627,3648,0.2889
CELL_TYPES_WANSLEEBEN_HOGAN_2013_TREG,Met_vs_Normal,18213,8115,0.4456
CELL_TYPES_WANSLEEBEN_HOGAN_2013_TREG,Met_vs_StageI,13265,7040,0.5307
CELL_TYPES_WANSLEEBEN_HOGAN_2013_TREG,Normal_vs_StageI,18795,13842,0.7365
CELL_TYPES_WANSLEEBEN_HOGAN_2013_VASCULAR_ENDOTH,IVprimary_vs_StageI,5137,1336,0.2601
lung_epithelial_lineage_signatures_LECTIN_KRT5_B,IVprimary_vs_Normal,13882,6305,0.4542
lung_epithelial_lineage_signatures_LECTIN_KRT5_B,IVprimary_vs_StageI,6576,2400,0.365
lung_epithelial_lineage_signatures_LECTIN_KRT5_B,Normal_vs_StageI,13139,3129,0.2381
lung_epithelial_lineage_signatures_MUCINOUS,IVprimary_vs_Met,10578,5302,0.5012
lung_epithelial_lineage_signatures_MUCINOUS,IVprimary_vs_Normal,15119,6474,0.4282
lung_epithelial_lineage_signatures_MUCINOUS,IVprimary_vs_StageI,14131,6509,0.4606
lung_epithelial_lineage_signatures_MUCINOUS,Met_vs_Normal,15994,9633,0.6023
lung_epithelial_lineage_signatures_MUCINOUS,Met_vs_StageI,14924,9856,0.6604
lung_epithelial_lineage_signatures_MUCINOUS,Normal_vs_StageI,17292,11492,0.6646
lung_epithelial_lineage_signatures_PNECS,Met_vs_StageI,9767,3979,0.4074
stem_cell_signatures_merged_NK_CELL_SPECIFIC_MAR,Met_vs_Normal,14062,5831,0.4147
stem_cell_signatures_merged_NK_CELL_SPECIFIC_MAR,Met_vs_StageI,12413,5592,0.4505
stem_cell_signatures_merged_NK_CELL_SPECIFIC_MAR,Normal_vs_StageI,16112,10995,0.6824
