celltype	stage	n_rows	n_cells	n_genes	mean_total_reads	frac_zero_cov	mean_pdui_all	n_cov1	mean_pdui_cov1	n_cov5	mean_pdui_cov5	n_cov10	mean_pdui_cov10	n_cov20	mean_pdui_cov20
CELL_TYPES_WANSLEEBEN_HOGAN_2013_ACTIVATED_CD8T	Normal	1642480	392	4190	0.122265	0.970133	0.01164088	48851	0.39059255	12777	0.41481736	222	0.45027365	0	-1.00000000
CELL_TYPES_WANSLEEBEN_HOGAN_2013_ACTIVATED_CD8T	Met	2773780	662	4190	0.056101	0.986756	0.00506142	36564	0.38231351	10788	0.43310535	195	0.46530922	0	-1.00000000
CELL_TYPES_WANSLEEBEN_HOGAN_2013_AE2	Normal	427380	102	4190	0.138728	0.967177	0.01264673	13984	0.38566615	4138	0.40401361	109	0.44668872	0	-1.00000000
CELL_TYPES_WANSLEEBEN_HOGAN_2013_AE2	IVprimary	553080	132	4190	0.114799	0.975400	0.00911338	13596	0.37056646	5482	0.40408989	78	0.47978210	0	-1.00000000
CELL_TYPES_WANSLEEBEN_HOGAN_2013_AE2	Met	632690	151	4190	0.130590	0.952076	0.01611400	28709	0.34331870	1498	0.43607930	9	0.46646615	0	-1.00000000
CELL_TYPES_WANSLEEBEN_HOGAN_2013_AE2	StageI	4206760	1004	4190	0.072822	0.982155	0.00681433	74597	0.38308507	19805	0.42570485	245	0.46001810	0	-1.00000000
CELL_TYPES_WANSLEEBEN_HOGAN_2013_CILIATED_CELLS	Normal	997220	238	4190	0.161584	0.956695	0.01646918	42910	0.38117325	8060	0.42396469	150	0.45367882	0	-1.00000000
CELL_TYPES_WANSLEEBEN_HOGAN_2013_CILIATED_CELLS	Met	574030	137	4190	0.102111	0.966582	0.01160452	18353	0.35271283	1902	0.42456670	11	0.38658600	0	-1.00000000
CELL_TYPES_WANSLEEBEN_HOGAN_2013_CILIATED_CELLS	StageI	691350	165	4190	0.139079	0.958205	0.01533477	27950	0.37279681	3741	0.43322801	41	0.43737390	0	-1.00000000
CELL_TYPES_WANSLEEBEN_HOGAN_2013_CYTOTOXIC_T_NK	Normal	2962330	707	4190	0.069321	0.983956	0.00603399	47505	0.37617674	14488	0.42695811	153	0.47128273	0	-1.00000000
CELL_TYPES_WANSLEEBEN_HOGAN_2013_CYTOTOXIC_T_NK	IVprimary	314250	75	4190	0.116770	0.968299	0.01155004	9915	0.36476820	1675	0.43148714	17	0.46315500	0	-1.00000000
CELL_TYPES_WANSLEEBEN_HOGAN_2013_CYTOTOXIC_T_NK	Met	2111760	504	4190	0.074673	0.982021	0.00675828	37876	0.37595376	10378	0.43274760	87	0.46579735	0	-1.00000000
CELL_TYPES_WANSLEEBEN_HOGAN_2013_CYTOTOXIC_T_NK	StageI	636880	152	4190	0.066604	0.984813	0.00589340	9646	0.38868708	3218	0.42208082	18	0.44326305	0	-1.00000000
CELL_TYPES_WANSLEEBEN_HOGAN_2013_DC	Normal	1026550	245	4190	0.119398	0.968351	0.01261213	32233	0.39985094	6481	0.42308153	156	0.44251524	0	-1.00000000
CELL_TYPES_WANSLEEBEN_HOGAN_2013_DC	IVprimary	703920	168	4190	0.109457	0.971564	0.01055971	19997	0.37143002	3947	0.41715673	75	0.46294013	0	-1.00000000
CELL_TYPES_WANSLEEBEN_HOGAN_2013_DC	Met	2953950	705	4190	0.057950	0.986678	0.00492659	39298	0.36998901	12304	0.41154680	99	0.47180359	0	-1.00000000
CELL_TYPES_WANSLEEBEN_HOGAN_2013_DC	StageI	6917690	1651	4190	0.070420	0.983277	0.00659990	115545	0.39489420	33086	0.43082112	297	0.46119627	0	-1.00000000
CELL_TYPES_WANSLEEBEN_HOGAN_2013_ENDOTHELIAL	Normal	1932300	450	4294	0.316130	0.905930	0.03703133	180192	0.39493411	23296	0.41805445	329	0.45550040	0	-1.00000000
CELL_TYPES_WANSLEEBEN_HOGAN_2013_ENDOTHELIAL	IVprimary	373578	87	4294	0.058601	0.983214	0.00596881	6051	0.36115521	1067	0.45810562	10	0.44596623	0	-1.00000000
CELL_TYPES_WANSLEEBEN_HOGAN_2013_ENDOTHELIAL	Met	1717600	400	4294	0.046540	0.989891	0.00383307	17341	0.37946662	6583	0.41615732	40	0.44607042	0	-1.00000000
CELL_TYPES_WANSLEEBEN_HOGAN_2013_ENDOTHELIAL	StageI	1060618	247	4294	0.086630	0.977119	0.00911068	23883	0.40120890	4943	0.43374608	98	0.44997583	0	-1.00000000
CELL_TYPES_WANSLEEBEN_HOGAN_2013_EPITHELIAL	Normal	987620	230	4294	0.227831	0.948268	0.02070810	50666	0.40189562	17509	0.43291168	946	0.46451020	0	-1.00000000
CELL_TYPES_WANSLEEBEN_HOGAN_2013_EPITHELIAL	IVprimary	343520	80	4294	0.178956	0.946690	0.01949225	18073	0.36791677	1923	0.45888384	13	0.42658913	0	-1.00000000
CELL_TYPES_WANSLEEBEN_HOGAN_2013_EPITHELIAL	Met	601160	140	4294	0.065108	0.986516	0.00566348	8051	0.42112700	3593	0.45229960	45	0.45752485	0	-1.00000000
CELL_TYPES_WANSLEEBEN_HOGAN_2013_EPITHELIAL	StageI	1751952	408	4294	0.104461	0.973261	0.01045270	46050	0.39394810	11054	0.41830149	110	0.47244381	0	-1.00000000
CELL_TYPES_WANSLEEBEN_HOGAN_2013_EXHAUSTED_REGUL	Normal	999012	196	5097	0.221053	0.949999	0.02006570	49916	0.40145036	16788	0.41850179	432	0.46001328	0	-1.00000000
CELL_TYPES_WANSLEEBEN_HOGAN_2013_EXHAUSTED_REGUL	Met	856296	168	5097	0.079445	0.977740	0.00874334	18663	0.39562623	3474	0.44096348	28	0.46456747	0	-1.00000000
CELL_TYPES_WANSLEEBEN_HOGAN_2013_EXHAUSTED_REGUL	StageI	3741198	734	5097	0.066056	0.984570	0.00617041	57604	0.40016086	17717	0.42764151	205	0.45632657	0	-1.00000000
CELL_TYPES_WANSLEEBEN_HOGAN_2013_GOBLET_CELLS	IVprimary	265375	55	4825	0.182265	0.958463	0.01666592	10967	0.40258652	3559	0.45160463	69	0.45680113	0	-1.00000000
CELL_TYPES_WANSLEEBEN_HOGAN_2013_GOBLET_CELLS	Met	815425	169	4825	0.098285	0.961423	0.01359719	29457	0.36128156	963	0.45937639	3	0.44661250	0	-1.00000000
CELL_TYPES_WANSLEEBEN_HOGAN_2013_GOBLET_CELLS	StageI	443900	92	4825	0.160540	0.952971	0.01719201	19948	0.37353828	3340	0.43717207	68	0.46899092	0	-1.00000000
CELL_TYPES_WANSLEEBEN_HOGAN_2013_MACROPHAGE_M1	Normal	1194150	285	4190	0.138502	0.960745	0.01538582	46410	0.39337688	7492	0.40872203	207	0.44400104	0	-1.00000000
CELL_TYPES_WANSLEEBEN_HOGAN_2013_MACROPHAGE_M1	IVprimary	393860	94	4190	0.103201	0.971888	0.01033313	11051	0.36785351	1717	0.41323001	26	0.44463612	0	-1.00000000
CELL_TYPES_WANSLEEBEN_HOGAN_2013_MACROPHAGE_M1	Met	339390	81	4190	0.027310	0.994932	0.00234227	1719	0.46215594	895	0.45024955	23	0.45828889	0	-1.00000000
CELL_TYPES_WANSLEEBEN_HOGAN_2013_MACROPHAGE_M2	Normal	3243060	774	4190	0.196833	0.937116	0.02333374	199868	0.37395819	19496	0.40968667	174	0.43224207	0	-1.00000000
CELL_TYPES_WANSLEEBEN_HOGAN_2013_MACROPHAGE_M2	IVprimary	1236050	295	4190	0.088307	0.976252	0.00856348	29266	0.36099747	5033	0.39861846	71	0.46101005	0	-1.00000000
CELL_TYPES_WANSLEEBEN_HOGAN_2013_MACROPHAGE_M2	Met	1533540	366	4190	0.055260	0.985255	0.00542919	22371	0.36935848	4615	0.41862755	60	0.42841925	0	-1.00000000
CELL_TYPES_WANSLEEBEN_HOGAN_2013_MACROPHAGE_M2	StageI	3364570	803	4190	0.099613	0.973151	0.01043960	89188	0.39079640	16699	0.43324191	336	0.43575298	0	-1.00000000
CELL_TYPES_WANSLEEBEN_HOGAN_2013_MAST	Normal	636880	152	4190	0.115474	0.971701	0.01074867	17948	0.38057007	4687	0.40084787	118	0.38041733	1	0.42606560
CELL_TYPES_WANSLEEBEN_HOGAN_2013_MAST	IVprimary	385480	92	4190	0.080537	0.981052	0.00717285	7303	0.37854766	2223	0.40172746	12	0.47334458	0	-1.00000000
CELL_TYPES_WANSLEEBEN_HOGAN_2013_MAST	StageI	875710	209	4190	0.060025	0.985999	0.00547049	12244	0.39095604	3763	0.42133179	48	0.56105611	0	-1.00000000
CELL_TYPES_WANSLEEBEN_HOGAN_2013_MESENCHYAL	Normal	624310	149	4190	0.415127	0.877079	0.04591221	75840	0.37522766	9853	0.41491389	149	0.44989414	0	-1.00000000
CELL_TYPES_WANSLEEBEN_HOGAN_2013_MESENCHYAL	Met	1734660	414	4190	0.039017	0.992275	0.00316675	13399	0.40993763	5917	0.42602749	137	0.35042761	0	-1.00000000
CELL_TYPES_WANSLEEBEN_HOGAN_2013_MONOCYTIC	Normal	5149510	1229	4190	0.186476	0.945392	0.02031554	277804	0.37378861	38428	0.40645469	382	0.44430082	0	-1.00000000
CELL_TYPES_WANSLEEBEN_HOGAN_2013_MONOCYTIC	IVprimary	414810	99	4190	0.092727	0.976630	0.00862789	9691	0.36915211	2180	0.41539724	27	0.48034228	0	-1.00000000
CELL_TYPES_WANSLEEBEN_HOGAN_2013_MONOCYTIC	Met	1638290	391	4190	0.053345	0.988210	0.00460200	19252	0.39094932	6776	0.42353311	96	0.44296446	0	-1.00000000
CELL_TYPES_WANSLEEBEN_HOGAN_2013_MONOCYTIC	StageI	4458160	1064	4190	0.084343	0.979086	0.00809099	92689	0.38778006	23231	0.43136142	382	0.46088456	0	-1.00000000
CELL_TYPES_WANSLEEBEN_HOGAN_2013_NE_CELLS	Met	572964	114	5026	0.094929	0.967085	0.01218253	18299	0.37325722	1064	0.36525255	4	0.44853004	0	-1.00000000
CELL_TYPES_WANSLEEBEN_HOGAN_2013_NE_CELLS	StageI	467418	93	5026	0.177461	0.945528	0.01998332	24474	0.37405626	3235	0.44852646	62	0.45167297	0	-1.00000000
CELL_TYPES_WANSLEEBEN_HOGAN_2013_NK_CELLS	Met	371924	74	5026	0.063741	0.984725	0.00577116	5668	0.37810832	1727	0.43519799	15	0.44354528	0	-1.00000000
CELL_TYPES_WANSLEEBEN_HOGAN_2013_NK_CELLS	StageI	2593416	516	5026	0.107848	0.975636	0.00991824	63154	0.40718837	20725	0.42943987	402	0.45986025	0	-1.00000000
CELL_TYPES_WANSLEEBEN_HOGAN_2013_PERICYTES	IVprimary	419256	72	5823	0.088791	0.977756	0.00801440	9319	0.36045953	2164	0.42973319	26	0.46084647	0	-1.00000000
CELL_TYPES_WANSLEEBEN_HOGAN_2013_PERICYTES	Met	1036494	178	5823	0.087197	0.968423	0.01129835	31269	0.36380651	1609	0.41705167	9	0.47348148	0	-1.00000000
CELL_TYPES_WANSLEEBEN_HOGAN_2013_PERICYTES	StageI	826866	142	5823	0.111847	0.973086	0.01084563	22097	0.40406905	6241	0.44112982	120	0.45306966	0	-1.00000000
CELL_TYPES_WANSLEEBEN_HOGAN_2013_SEROUS_CELLS	Normal	1399460	334	4190	0.158470	0.955614	0.01626532	61510	0.36791127	10344	0.40845448	123	0.46562933	0	-1.00000000
CELL_TYPES_WANSLEEBEN_HOGAN_2013_SEROUS_CELLS	IVprimary	494420	118	4190	0.080658	0.976777	0.00816759	11465	0.35189022	1306	0.37189320	17	0.44340700	0	-1.00000000
CELL_TYPES_WANSLEEBEN_HOGAN_2013_SEROUS_CELLS	Met	427380	102	4190	0.060931	0.986693	0.00516089	5683	0.38786453	2048	0.43227706	15	0.52104794	0	-1.00000000
CELL_TYPES_WANSLEEBEN_HOGAN_2013_SEROUS_CELLS	StageI	3557310	849	4190	0.093612	0.974729	0.00961239	88780	0.38257265	16489	0.43454748	190	0.46273542	0	-1.00000000
CELL_TYPES_WANSLEEBEN_HOGAN_2013_TREG	Normal	6509704	1516	4294	0.107051	0.975179	0.01016379	161500	0.40953453	49927	0.43212325	1112	0.45395298	0	-1.00000000
CELL_TYPES_WANSLEEBEN_HOGAN_2013_TREG	IVprimary	360696	84	4294	0.067119	0.984541	0.00616995	5576	0.39911710	1665	0.45368340	18	0.47597204	0	-1.00000000
CELL_TYPES_WANSLEEBEN_HOGAN_2013_TREG	Met	1704718	397	4294	0.056081	0.987139	0.00461541	21835	0.35897266	7367	0.42295703	63	0.43611139	0	-1.00000000
CELL_TYPES_WANSLEEBEN_HOGAN_2013_TREG	StageI	7699142	1793	4294	0.066565	0.984578	0.00589533	118729	0.38228668	36168	0.42169213	405	0.46456282	0	-1.00000000
CELL_TYPES_WANSLEEBEN_HOGAN_2013_VASCULAR_ENDOTH	IVprimary	171760	40	4294	0.114560	0.972060	0.01083388	4786	0.38831633	1251	0.43370130	24	0.45121230	0	-1.00000000
CELL_TYPES_WANSLEEBEN_HOGAN_2013_VASCULAR_ENDOTH	StageI	382166	89	4294	0.039151	0.989363	0.00395581	3859	0.38016406	912	0.40119596	9	0.42873243	0	-1.00000000
lung_epithelial_lineage_signatures_LECTIN_KRT5_B	Normal	481850	115	4190	0.173554	0.955752	0.01744178	21153	0.39526397	5131	0.41973914	139	0.45078233	0	-1.00000000
lung_epithelial_lineage_signatures_LECTIN_KRT5_B	IVprimary	762580	182	4190	0.110570	0.971726	0.01034984	21512	0.36596672	4635	0.42723873	59	0.46650167	0	-1.00000000
lung_epithelial_lineage_signatures_LECTIN_KRT5_B	StageI	515370	123	4190	0.049148	0.990355	0.00423453	4948	0.44031017	2514	0.46683539	23	0.49725836	0	-1.00000000
lung_epithelial_lineage_signatures_MUCINOUS	Normal	1290520	308	4190	0.126380	0.970138	0.01134898	38357	0.38074396	11615	0.41541159	297	0.44537379	0	-1.00000000
lung_epithelial_lineage_signatures_MUCINOUS	IVprimary	536320	128	4190	0.129793	0.964868	0.01202522	18737	0.34285648	3342	0.38248859	21	0.45424468	0	-1.00000000
lung_epithelial_lineage_signatures_MUCINOUS	Met	3699770	883	4190	0.068676	0.975873	0.00848031	85338	0.35649124	5707	0.42552554	59	0.44034801	0	-1.00000000
lung_epithelial_lineage_signatures_MUCINOUS	StageI	3125740	746	4190	0.103893	0.975347	0.00977715	76405	0.39841926	22971	0.42855144	355	0.45529917	0	-1.00000000
lung_epithelial_lineage_signatures_PNECS	Met	1322552	308	4294	0.075351	0.974973	0.00889688	31529	0.36132209	3495	0.40488013	46	0.61092841	0	-1.00000000
lung_epithelial_lineage_signatures_PNECS	StageI	360696	84	4294	0.137998	0.954025	0.01743237	15898	0.38668794	995	0.41592853	9	0.44956379	0	-1.00000000
stem_cell_signatures_merged_NK_CELL_SPECIFIC_MAR	Normal	3984690	951	4190	0.077783	0.981986	0.00689205	71759	0.38268050	21875	0.41311083	230	0.45261022	0	-1.00000000
stem_cell_signatures_merged_NK_CELL_SPECIFIC_MAR	Met	938560	224	4190	0.063854	0.985526	0.00554520	13573	0.38314194	4515	0.42645108	33	0.46130415	0	-1.00000000
stem_cell_signatures_merged_NK_CELL_SPECIFIC_MAR	StageI	3842230	917	4190	0.075732	0.981725	0.00716246	70034	0.39217656	19278	0.43303967	157	0.45775064	0	-1.00000000
