celltype	strategy	contrast	n_tested	n_sig	frac_sig
CELL_TYPES_WANSLEEBEN_HOGAN_2013_ACTIVATED_CD8T	fisher	Met_vs_Normal	15980	7729	0.483667
CELL_TYPES_WANSLEEBEN_HOGAN_2013_ACTIVATED_CD8T	nb_multi	omnibus	94	92	0.978723
CELL_TYPES_WANSLEEBEN_HOGAN_2013_AE2	fisher	IVprimary_vs_Met	7913	3791	0.479085
CELL_TYPES_WANSLEEBEN_HOGAN_2013_AE2	fisher	IVprimary_vs_Normal	11040	5037	0.456250
CELL_TYPES_WANSLEEBEN_HOGAN_2013_AE2	fisher	IVprimary_vs_StageI	12956	6199	0.478466
CELL_TYPES_WANSLEEBEN_HOGAN_2013_AE2	fisher	Met_vs_Normal	10975	4771	0.434715
CELL_TYPES_WANSLEEBEN_HOGAN_2013_AE2	fisher	Met_vs_StageI	12899	6026	0.467168
CELL_TYPES_WANSLEEBEN_HOGAN_2013_AE2	fisher	Normal_vs_StageI	14731	7805	0.529835
CELL_TYPES_WANSLEEBEN_HOGAN_2013_AE2	nb_multi	omnibus	488	488	1.000000
CELL_TYPES_WANSLEEBEN_HOGAN_2013_CILIATED_CELLS	fisher	Met_vs_Normal	16611	6919	0.416531
CELL_TYPES_WANSLEEBEN_HOGAN_2013_CILIATED_CELLS	fisher	Met_vs_StageI	12333	6132	0.497203
CELL_TYPES_WANSLEEBEN_HOGAN_2013_CILIATED_CELLS	fisher	Normal_vs_StageI	17054	8925	0.523338
CELL_TYPES_WANSLEEBEN_HOGAN_2013_CILIATED_CELLS	nb_multi	omnibus	354	354	1.000000
CELL_TYPES_WANSLEEBEN_HOGAN_2013_CYTOTOXIC_T_NK	fisher	IVprimary_vs_Met	7313	3209	0.438808
CELL_TYPES_WANSLEEBEN_HOGAN_2013_CYTOTOXIC_T_NK	fisher	IVprimary_vs_Normal	11552	4590	0.397334
CELL_TYPES_WANSLEEBEN_HOGAN_2013_CYTOTOXIC_T_NK	fisher	IVprimary_vs_StageI	8085	3264	0.403711
CELL_TYPES_WANSLEEBEN_HOGAN_2013_CYTOTOXIC_T_NK	fisher	Met_vs_Normal	11515	5611	0.487277
CELL_TYPES_WANSLEEBEN_HOGAN_2013_CYTOTOXIC_T_NK	fisher	Met_vs_StageI	8055	3802	0.472005
CELL_TYPES_WANSLEEBEN_HOGAN_2013_CYTOTOXIC_T_NK	fisher	Normal_vs_StageI	11998	5270	0.439240
CELL_TYPES_WANSLEEBEN_HOGAN_2013_CYTOTOXIC_T_NK	nb_multi	omnibus	466	466	1.000000
CELL_TYPES_WANSLEEBEN_HOGAN_2013_DC	fisher	IVprimary_vs_Met	9350	4822	0.515722
CELL_TYPES_WANSLEEBEN_HOGAN_2013_DC	fisher	IVprimary_vs_Normal	13023	5944	0.456423
CELL_TYPES_WANSLEEBEN_HOGAN_2013_DC	fisher	IVprimary_vs_StageI	13702	6600	0.481682
CELL_TYPES_WANSLEEBEN_HOGAN_2013_DC	fisher	Met_vs_Normal	13590	7346	0.540545
CELL_TYPES_WANSLEEBEN_HOGAN_2013_DC	fisher	Met_vs_StageI	14063	8419	0.598663
CELL_TYPES_WANSLEEBEN_HOGAN_2013_DC	fisher	Normal_vs_StageI	16119	10097	0.626404
CELL_TYPES_WANSLEEBEN_HOGAN_2013_DC	nb_multi	omnibus	599	599	1.000000
CELL_TYPES_WANSLEEBEN_HOGAN_2013_ENDOTHELIAL	fisher	IVprimary_vs_Met	5957	2010	0.337418
CELL_TYPES_WANSLEEBEN_HOGAN_2013_ENDOTHELIAL	fisher	IVprimary_vs_Normal	18313	3478	0.189920
CELL_TYPES_WANSLEEBEN_HOGAN_2013_ENDOTHELIAL	fisher	IVprimary_vs_StageI	10707	3028	0.282806
CELL_TYPES_WANSLEEBEN_HOGAN_2013_ENDOTHELIAL	fisher	Met_vs_Normal	18394	5840	0.317495
CELL_TYPES_WANSLEEBEN_HOGAN_2013_ENDOTHELIAL	fisher	Met_vs_StageI	10905	4459	0.408895
CELL_TYPES_WANSLEEBEN_HOGAN_2013_ENDOTHELIAL	fisher	Normal_vs_StageI	18921	9877	0.522013
CELL_TYPES_WANSLEEBEN_HOGAN_2013_ENDOTHELIAL	nb_multi	omnibus	424	424	1.000000
CELL_TYPES_WANSLEEBEN_HOGAN_2013_EPITHELIAL	fisher	IVprimary_vs_Met	7242	3019	0.416874
CELL_TYPES_WANSLEEBEN_HOGAN_2013_EPITHELIAL	fisher	IVprimary_vs_Normal	15963	6307	0.395101
CELL_TYPES_WANSLEEBEN_HOGAN_2013_EPITHELIAL	fisher	IVprimary_vs_StageI	12299	5746	0.467192
CELL_TYPES_WANSLEEBEN_HOGAN_2013_EPITHELIAL	fisher	Met_vs_Normal	15703	4487	0.285742
CELL_TYPES_WANSLEEBEN_HOGAN_2013_EPITHELIAL	fisher	Met_vs_StageI	11780	4294	0.364516
CELL_TYPES_WANSLEEBEN_HOGAN_2013_EPITHELIAL	fisher	Normal_vs_StageI	17389	10721	0.616539
CELL_TYPES_WANSLEEBEN_HOGAN_2013_EPITHELIAL	nb_multi	omnibus	471	471	1.000000
CELL_TYPES_WANSLEEBEN_HOGAN_2013_EXHAUSTED_REGUL	fisher	Met_vs_Normal	21407	8493	0.396739
CELL_TYPES_WANSLEEBEN_HOGAN_2013_EXHAUSTED_REGUL	fisher	Met_vs_StageI	17603	8021	0.455661
CELL_TYPES_WANSLEEBEN_HOGAN_2013_EXHAUSTED_REGUL	fisher	Normal_vs_StageI	23599	15096	0.639688
CELL_TYPES_WANSLEEBEN_HOGAN_2013_EXHAUSTED_REGUL	nb_multi	omnibus	337	337	1.000000
CELL_TYPES_WANSLEEBEN_HOGAN_2013_GOBLET_CELLS	fisher	IVprimary_vs_Met	8900	3674	0.412809
CELL_TYPES_WANSLEEBEN_HOGAN_2013_GOBLET_CELLS	fisher	IVprimary_vs_StageI	14090	4563	0.323847
CELL_TYPES_WANSLEEBEN_HOGAN_2013_GOBLET_CELLS	fisher	Met_vs_StageI	14605	5713	0.391167
CELL_TYPES_WANSLEEBEN_HOGAN_2013_GOBLET_CELLS	nb_multi	omnibus	206	205	0.995146
CELL_TYPES_WANSLEEBEN_HOGAN_2013_MACROPHAGE_M1	fisher	IVprimary_vs_Met	4454	773	0.173552
CELL_TYPES_WANSLEEBEN_HOGAN_2013_MACROPHAGE_M1	fisher	IVprimary_vs_Normal	13377	4467	0.333931
CELL_TYPES_WANSLEEBEN_HOGAN_2013_MACROPHAGE_M1	fisher	Met_vs_Normal	12299	1124	0.091390
CELL_TYPES_WANSLEEBEN_HOGAN_2013_MACROPHAGE_M1	nb_multi	omnibus	156	156	1.000000
CELL_TYPES_WANSLEEBEN_HOGAN_2013_MACROPHAGE_M2	fisher	IVprimary_vs_Met	9284	4756	0.512279
CELL_TYPES_WANSLEEBEN_HOGAN_2013_MACROPHAGE_M2	fisher	IVprimary_vs_Normal	18661	8211	0.440009
CELL_TYPES_WANSLEEBEN_HOGAN_2013_MACROPHAGE_M2	fisher	IVprimary_vs_StageI	13264	6687	0.504147
CELL_TYPES_WANSLEEBEN_HOGAN_2013_MACROPHAGE_M2	fisher	Met_vs_Normal	18705	8053	0.430527
CELL_TYPES_WANSLEEBEN_HOGAN_2013_MACROPHAGE_M2	fisher	Met_vs_StageI	13634	7169	0.525818
CELL_TYPES_WANSLEEBEN_HOGAN_2013_MACROPHAGE_M2	fisher	Normal_vs_StageI	18910	13154	0.695611
CELL_TYPES_WANSLEEBEN_HOGAN_2013_MACROPHAGE_M2	nb_multi	omnibus	603	603	1.000000
CELL_TYPES_WANSLEEBEN_HOGAN_2013_MAST	fisher	IVprimary_vs_Normal	11465	3709	0.323506
CELL_TYPES_WANSLEEBEN_HOGAN_2013_MAST	fisher	IVprimary_vs_StageI	8203	3252	0.396440
CELL_TYPES_WANSLEEBEN_HOGAN_2013_MAST	fisher	Normal_vs_StageI	12724	5590	0.439327
CELL_TYPES_WANSLEEBEN_HOGAN_2013_MAST	nb_multi	omnibus	238	238	1.000000
CELL_TYPES_WANSLEEBEN_HOGAN_2013_MESENCHYAL	fisher	Met_vs_Normal	17443	5530	0.317033
CELL_TYPES_WANSLEEBEN_HOGAN_2013_MESENCHYAL	nb_multi	omnibus	65	65	1.000000
CELL_TYPES_WANSLEEBEN_HOGAN_2013_MONOCYTIC	fisher	IVprimary_vs_Met	8001	3392	0.423947
CELL_TYPES_WANSLEEBEN_HOGAN_2013_MONOCYTIC	fisher	IVprimary_vs_Normal	18933	5364	0.283315
CELL_TYPES_WANSLEEBEN_HOGAN_2013_MONOCYTIC	fisher	IVprimary_vs_StageI	13299	4905	0.368825
CELL_TYPES_WANSLEEBEN_HOGAN_2013_MONOCYTIC	fisher	Met_vs_Normal	18939	7826	0.413221
CELL_TYPES_WANSLEEBEN_HOGAN_2013_MONOCYTIC	fisher	Met_vs_StageI	13585	6662	0.490394
CELL_TYPES_WANSLEEBEN_HOGAN_2013_MONOCYTIC	fisher	Normal_vs_StageI	19084	13744	0.720184
CELL_TYPES_WANSLEEBEN_HOGAN_2013_MONOCYTIC	nb_multi	omnibus	613	613	1.000000
CELL_TYPES_WANSLEEBEN_HOGAN_2013_NE_CELLS	fisher	Met_vs_StageI	15144	5929	0.391508
CELL_TYPES_WANSLEEBEN_HOGAN_2013_NE_CELLS	nb_multi	omnibus	76	64	0.842105
CELL_TYPES_WANSLEEBEN_HOGAN_2013_NK_CELLS	fisher	Met_vs_StageI	20420	4408	0.215867
CELL_TYPES_WANSLEEBEN_HOGAN_2013_NK_CELLS	nb_multi	omnibus	110	108	0.981818
CELL_TYPES_WANSLEEBEN_HOGAN_2013_PERICYTES	fisher	IVprimary_vs_Met	12795	4988	0.389840
CELL_TYPES_WANSLEEBEN_HOGAN_2013_PERICYTES	fisher	IVprimary_vs_StageI	17832	5829	0.326884
CELL_TYPES_WANSLEEBEN_HOGAN_2013_PERICYTES	fisher	Met_vs_StageI	19771	9415	0.476203
CELL_TYPES_WANSLEEBEN_HOGAN_2013_PERICYTES	nb_multi	omnibus	223	222	0.995516
CELL_TYPES_WANSLEEBEN_HOGAN_2013_SEROUS_CELLS	fisher	IVprimary_vs_Met	4815	1284	0.266667
CELL_TYPES_WANSLEEBEN_HOGAN_2013_SEROUS_CELLS	fisher	IVprimary_vs_Normal	16699	4539	0.271813
CELL_TYPES_WANSLEEBEN_HOGAN_2013_SEROUS_CELLS	fisher	IVprimary_vs_StageI	12800	4420	0.345313
CELL_TYPES_WANSLEEBEN_HOGAN_2013_SEROUS_CELLS	fisher	Met_vs_Normal	16435	2351	0.143048
CELL_TYPES_WANSLEEBEN_HOGAN_2013_SEROUS_CELLS	fisher	Met_vs_StageI	12218	2248	0.183991
CELL_TYPES_WANSLEEBEN_HOGAN_2013_SEROUS_CELLS	fisher	Normal_vs_StageI	17983	12180	0.677306
CELL_TYPES_WANSLEEBEN_HOGAN_2013_SEROUS_CELLS	nb_multi	omnibus	537	537	1.000000
CELL_TYPES_WANSLEEBEN_HOGAN_2013_TREG	fisher	IVprimary_vs_Met	7490	2768	0.369559
CELL_TYPES_WANSLEEBEN_HOGAN_2013_TREG	fisher	IVprimary_vs_Normal	18002	3794	0.210754
CELL_TYPES_WANSLEEBEN_HOGAN_2013_TREG	fisher	IVprimary_vs_StageI	12627	3648	0.288905
CELL_TYPES_WANSLEEBEN_HOGAN_2013_TREG	fisher	Met_vs_Normal	18213	8115	0.445561
CELL_TYPES_WANSLEEBEN_HOGAN_2013_TREG	fisher	Met_vs_StageI	13265	7040	0.530720
CELL_TYPES_WANSLEEBEN_HOGAN_2013_TREG	fisher	Normal_vs_StageI	18795	13842	0.736472
CELL_TYPES_WANSLEEBEN_HOGAN_2013_TREG	nb_multi	omnibus	596	596	1.000000
CELL_TYPES_WANSLEEBEN_HOGAN_2013_VASCULAR_ENDOTH	fisher	IVprimary_vs_StageI	5137	1336	0.260074
CELL_TYPES_WANSLEEBEN_HOGAN_2013_VASCULAR_ENDOTH	nb_multi	omnibus	32	32	1.000000
lung_epithelial_lineage_signatures_LECTIN_KRT5_B	fisher	IVprimary_vs_Normal	13882	6305	0.454185
lung_epithelial_lineage_signatures_LECTIN_KRT5_B	fisher	IVprimary_vs_StageI	6576	2400	0.364964
lung_epithelial_lineage_signatures_LECTIN_KRT5_B	fisher	Normal_vs_StageI	13139	3129	0.238146
lung_epithelial_lineage_signatures_LECTIN_KRT5_B	nb_multi	omnibus	191	191	1.000000
lung_epithelial_lineage_signatures_MUCINOUS	fisher	IVprimary_vs_Met	10578	5302	0.501229
lung_epithelial_lineage_signatures_MUCINOUS	fisher	IVprimary_vs_Normal	15119	6474	0.428203
lung_epithelial_lineage_signatures_MUCINOUS	fisher	IVprimary_vs_StageI	14131	6509	0.460618
lung_epithelial_lineage_signatures_MUCINOUS	fisher	Met_vs_Normal	15994	9633	0.602288
lung_epithelial_lineage_signatures_MUCINOUS	fisher	Met_vs_StageI	14924	9856	0.660413
lung_epithelial_lineage_signatures_MUCINOUS	fisher	Normal_vs_StageI	17292	11492	0.664585
lung_epithelial_lineage_signatures_MUCINOUS	nb_multi	omnibus	616	616	1.000000
lung_epithelial_lineage_signatures_PNECS	fisher	Met_vs_StageI	9767	3979	0.407392
lung_epithelial_lineage_signatures_PNECS	nb_multi	omnibus	79	78	0.987342
stem_cell_signatures_merged_NK_CELL_SPECIFIC_MAR	fisher	Met_vs_Normal	14062	5831	0.414664
stem_cell_signatures_merged_NK_CELL_SPECIFIC_MAR	fisher	Met_vs_StageI	12413	5592	0.450495
stem_cell_signatures_merged_NK_CELL_SPECIFIC_MAR	fisher	Normal_vs_StageI	16112	10995	0.682411
stem_cell_signatures_merged_NK_CELL_SPECIFIC_MAR	nb_multi	omnibus	391	391	1.000000
