celltype	strategy	stage	n_rows	n_units	n_cells	frac_zero_cov	mean_all	sd_all	n_cov	mean_cov	sd_cov
CELL_TYPES_WANSLEEBEN_HOGAN_2013_ACTIVATED_CD8T	classic	Normal	1642480	4190	392	0.970133	0.011641	0.094094	49056	0.389757	0.386085
CELL_TYPES_WANSLEEBEN_HOGAN_2013_ACTIVATED_CD8T	classic	Met	2773780	4190	662	0.986756	0.005061	0.062974	36737	0.382156	0.394109
CELL_TYPES_WANSLEEBEN_HOGAN_2013_ACTIVATED_CD8T	proportion	Normal	8809024	7378	392	0.000000	0.328320	0.308833	8809024	0.328320	0.308833
CELL_TYPES_WANSLEEBEN_HOGAN_2013_ACTIVATED_CD8T	proportion	Met	14876464	7378	662	0.000000	0.328320	0.307543	14876464	0.328320	0.307543
CELL_TYPES_WANSLEEBEN_HOGAN_2013_ACTIVATED_CD8T	shannon	Normal	2892176	7378	392	0.959892	0.561545	0.491406	116000	0.679562	0.315870
CELL_TYPES_WANSLEEBEN_HOGAN_2013_ACTIVATED_CD8T	shannon	Met	4884236	7378	662	0.982035	0.564920	0.493561	87746	0.680522	0.309685
CELL_TYPES_WANSLEEBEN_HOGAN_2013_AE2	classic	Normal	427380	4190	102	0.967177	0.012647	0.098361	14028	0.385298	0.388812
CELL_TYPES_WANSLEEBEN_HOGAN_2013_AE2	classic	IVprimary	553080	4190	132	0.975400	0.009113	0.085357	13606	0.370456	0.402870
CELL_TYPES_WANSLEEBEN_HOGAN_2013_AE2	classic	Met	632690	4190	151	0.952076	0.016114	0.104982	30321	0.336241	0.349760
CELL_TYPES_WANSLEEBEN_HOGAN_2013_AE2	classic	StageI	4206760	4190	1004	0.982155	0.006814	0.072747	75070	0.381860	0.391592
CELL_TYPES_WANSLEEBEN_HOGAN_2013_AE2	proportion	Normal	2292144	7378	102	0.000000	0.328320	0.309116	2292144	0.328320	0.309116
CELL_TYPES_WANSLEEBEN_HOGAN_2013_AE2	proportion	IVprimary	2966304	7378	132	0.000000	0.328320	0.308832	2966304	0.328320	0.308832
CELL_TYPES_WANSLEEBEN_HOGAN_2013_AE2	proportion	Met	3393272	7378	151	0.000000	0.328320	0.308846	3393272	0.328320	0.308846
CELL_TYPES_WANSLEEBEN_HOGAN_2013_AE2	proportion	StageI	22561888	7378	1004	0.000000	0.328320	0.307861	22561888	0.328320	0.307861
CELL_TYPES_WANSLEEBEN_HOGAN_2013_AE2	shannon	Normal	752556	7378	102	0.955698	0.560836	0.491013	33340	0.664302	0.324825
CELL_TYPES_WANSLEEBEN_HOGAN_2013_AE2	shannon	IVprimary	973896	7378	132	0.963492	0.561606	0.491574	35555	0.645951	0.322188
CELL_TYPES_WANSLEEBEN_HOGAN_2013_AE2	shannon	Met	1114078	7378	151	0.937360	0.561402	0.490914	69786	0.713765	0.347509
CELL_TYPES_WANSLEEBEN_HOGAN_2013_AE2	shannon	StageI	7407512	7378	1004	0.974983	0.564075	0.493000	185315	0.678316	0.323230
CELL_TYPES_WANSLEEBEN_HOGAN_2013_CILIATED_CELLS	classic	Normal	997220	4190	238	0.956695	0.016469	0.110096	43185	0.380303	0.376210
CELL_TYPES_WANSLEEBEN_HOGAN_2013_CILIATED_CELLS	classic	Met	574030	4190	137	0.966582	0.011605	0.090761	19183	0.347252	0.360482
CELL_TYPES_WANSLEEBEN_HOGAN_2013_CILIATED_CELLS	classic	StageI	691350	4190	165	0.958205	0.015335	0.105447	28895	0.366904	0.370199
CELL_TYPES_WANSLEEBEN_HOGAN_2013_CILIATED_CELLS	proportion	Normal	5348336	7378	238	0.000000	0.328320	0.309486	5348336	0.328320	0.309486
CELL_TYPES_WANSLEEBEN_HOGAN_2013_CILIATED_CELLS	proportion	Met	3078664	7378	137	0.000000	0.328320	0.308372	3078664	0.328320	0.308372
CELL_TYPES_WANSLEEBEN_HOGAN_2013_CILIATED_CELLS	proportion	StageI	3707880	7378	165	0.000000	0.328320	0.309162	3707880	0.328320	0.309162
CELL_TYPES_WANSLEEBEN_HOGAN_2013_CILIATED_CELLS	shannon	Normal	1755964	7378	238	0.944210	0.559773	0.490160	97965	0.685463	0.324033
CELL_TYPES_WANSLEEBEN_HOGAN_2013_CILIATED_CELLS	shannon	Met	1010786	7378	137	0.955737	0.562715	0.491948	44740	0.690670	0.349369
CELL_TYPES_WANSLEEBEN_HOGAN_2013_CILIATED_CELLS	shannon	StageI	1217370	7378	165	0.943473	0.560655	0.490642	68814	0.685157	0.341772
CELL_TYPES_WANSLEEBEN_HOGAN_2013_CYTOTOXIC_T_NK	classic	Normal	2962330	4190	707	0.983956	0.006034	0.068938	47529	0.376079	0.396280
CELL_TYPES_WANSLEEBEN_HOGAN_2013_CYTOTOXIC_T_NK	classic	IVprimary	314250	4190	75	0.968299	0.011550	0.093302	9962	0.364344	0.382192
CELL_TYPES_WANSLEEBEN_HOGAN_2013_CYTOTOXIC_T_NK	classic	Met	2111760	4190	504	0.982021	0.006758	0.072600	37968	0.375892	0.392939
CELL_TYPES_WANSLEEBEN_HOGAN_2013_CYTOTOXIC_T_NK	classic	StageI	636880	4190	152	0.984813	0.005893	0.068276	9672	0.388067	0.398305
CELL_TYPES_WANSLEEBEN_HOGAN_2013_CYTOTOXIC_T_NK	proportion	Normal	15887704	7378	707	0.000000	0.328320	0.307804	15887704	0.328320	0.307804
CELL_TYPES_WANSLEEBEN_HOGAN_2013_CYTOTOXIC_T_NK	proportion	IVprimary	1685400	7378	75	0.000000	0.328320	0.308844	1685400	0.328320	0.308844
CELL_TYPES_WANSLEEBEN_HOGAN_2013_CYTOTOXIC_T_NK	proportion	Met	11325888	7378	504	0.000000	0.328320	0.307909	11325888	0.328320	0.307909
CELL_TYPES_WANSLEEBEN_HOGAN_2013_CYTOTOXIC_T_NK	proportion	StageI	3415744	7378	152	0.000000	0.328320	0.307759	3415744	0.328320	0.307759
CELL_TYPES_WANSLEEBEN_HOGAN_2013_CYTOTOXIC_T_NK	shannon	Normal	5216246	7378	707	0.978118	0.564232	0.493143	114142	0.673652	0.311752
CELL_TYPES_WANSLEEBEN_HOGAN_2013_CYTOTOXIC_T_NK	shannon	IVprimary	553350	7378	75	0.953722	0.561499	0.491250	25608	0.682972	0.332917
CELL_TYPES_WANSLEEBEN_HOGAN_2013_CYTOTOXIC_T_NK	shannon	Met	3718512	7378	504	0.976611	0.563976	0.492977	86972	0.682672	0.305742
CELL_TYPES_WANSLEEBEN_HOGAN_2013_CYTOTOXIC_T_NK	shannon	StageI	1121456	7378	152	0.978391	0.564360	0.493227	24233	0.663258	0.322065
CELL_TYPES_WANSLEEBEN_HOGAN_2013_DC	classic	Normal	1026550	4190	245	0.968351	0.012612	0.097105	32489	0.398504	0.379682
CELL_TYPES_WANSLEEBEN_HOGAN_2013_DC	classic	IVprimary	703920	4190	168	0.971564	0.010560	0.089684	20017	0.371344	0.385840
CELL_TYPES_WANSLEEBEN_HOGAN_2013_DC	classic	Met	2953950	4190	705	0.986678	0.004927	0.062465	39352	0.369813	0.397435
CELL_TYPES_WANSLEEBEN_HOGAN_2013_DC	classic	StageI	6917690	4190	1651	0.983277	0.006600	0.071875	115687	0.394652	0.394670
CELL_TYPES_WANSLEEBEN_HOGAN_2013_DC	proportion	Normal	5505640	7378	245	0.000000	0.328320	0.308713	5505640	0.328320	0.308713
CELL_TYPES_WANSLEEBEN_HOGAN_2013_DC	proportion	IVprimary	3775296	7378	168	0.000000	0.328320	0.308667	3775296	0.328320	0.308667
CELL_TYPES_WANSLEEBEN_HOGAN_2013_DC	proportion	Met	15842760	7378	705	0.000000	0.328320	0.307536	15842760	0.328320	0.307536
CELL_TYPES_WANSLEEBEN_HOGAN_2013_DC	proportion	StageI	37101272	7378	1651	0.000000	0.328320	0.307851	37101272	0.328320	0.307851
CELL_TYPES_WANSLEEBEN_HOGAN_2013_DC	shannon	Normal	1807610	7378	245	0.957879	0.561856	0.491520	76138	0.691934	0.323085
CELL_TYPES_WANSLEEBEN_HOGAN_2013_DC	shannon	IVprimary	1239504	7378	168	0.958505	0.561963	0.491600	51433	0.673441	0.334227
CELL_TYPES_WANSLEEBEN_HOGAN_2013_DC	shannon	Met	5201490	7378	705	0.982687	0.564928	0.493590	90055	0.666727	0.312800
CELL_TYPES_WANSLEEBEN_HOGAN_2013_DC	shannon	StageI	12181078	7378	1651	0.975760	0.564107	0.493045	295267	0.667623	0.326363
CELL_TYPES_WANSLEEBEN_HOGAN_2013_ENDOTHELIAL	classic	Normal	1932300	4294	450	0.905930	0.037031	0.160904	181772	0.393656	0.367195
CELL_TYPES_WANSLEEBEN_HOGAN_2013_ENDOTHELIAL	classic	IVprimary	373578	4294	87	0.983214	0.005969	0.066909	6271	0.355576	0.377332
CELL_TYPES_WANSLEEBEN_HOGAN_2013_ENDOTHELIAL	classic	Met	1717600	4294	400	0.989891	0.003833	0.055591	17363	0.379179	0.404213
CELL_TYPES_WANSLEEBEN_HOGAN_2013_ENDOTHELIAL	classic	StageI	1060618	4294	247	0.977119	0.009111	0.082806	24268	0.398177	0.380467
CELL_TYPES_WANSLEEBEN_HOGAN_2013_ENDOTHELIAL	proportion	Normal	10435500	7621	450	0.000000	0.328633	0.314302	10435500	0.328633	0.314302
CELL_TYPES_WANSLEEBEN_HOGAN_2013_ENDOTHELIAL	proportion	IVprimary	2017530	7621	87	0.000000	0.328633	0.309439	2017530	0.328633	0.309439
CELL_TYPES_WANSLEEBEN_HOGAN_2013_ENDOTHELIAL	proportion	Met	9276000	7621	400	0.000000	0.328633	0.309169	9276000	0.328633	0.309169
CELL_TYPES_WANSLEEBEN_HOGAN_2013_ENDOTHELIAL	proportion	StageI	5727930	7621	247	0.000000	0.328633	0.309927	5727930	0.328633	0.309927
CELL_TYPES_WANSLEEBEN_HOGAN_2013_ENDOTHELIAL	shannon	Normal	3429450	7621	450	0.876907	0.547205	0.484885	422141	0.707381	0.322739
CELL_TYPES_WANSLEEBEN_HOGAN_2013_ENDOTHELIAL	shannon	IVprimary	663027	7621	87	0.975253	0.560177	0.493858	16408	0.701862	0.329997
CELL_TYPES_WANSLEEBEN_HOGAN_2013_ENDOTHELIAL	shannon	Met	3048400	7621	400	0.985845	0.560906	0.494445	43150	0.656332	0.311978
CELL_TYPES_WANSLEEBEN_HOGAN_2013_ENDOTHELIAL	shannon	StageI	1882387	7621	247	0.967826	0.558890	0.493041	60563	0.693615	0.324827
CELL_TYPES_WANSLEEBEN_HOGAN_2013_EPITHELIAL	classic	Normal	987620	4294	230	0.948268	0.020708	0.124609	51092	0.400292	0.384970
CELL_TYPES_WANSLEEBEN_HOGAN_2013_EPITHELIAL	classic	IVprimary	343520	4294	80	0.946690	0.019492	0.119190	18313	0.365641	0.374055
CELL_TYPES_WANSLEEBEN_HOGAN_2013_EPITHELIAL	classic	Met	601160	4294	140	0.986516	0.005663	0.067401	8106	0.420017	0.403576
CELL_TYPES_WANSLEEBEN_HOGAN_2013_EPITHELIAL	classic	StageI	1751952	4294	408	0.973261	0.010453	0.088959	46845	0.390919	0.383705
CELL_TYPES_WANSLEEBEN_HOGAN_2013_EPITHELIAL	proportion	Normal	5333700	7621	230	0.000000	0.328633	0.312156	5333700	0.328633	0.312156
CELL_TYPES_WANSLEEBEN_HOGAN_2013_EPITHELIAL	proportion	IVprimary	1855200	7621	80	0.000000	0.328633	0.311732	1855200	0.328633	0.311732
CELL_TYPES_WANSLEEBEN_HOGAN_2013_EPITHELIAL	proportion	Met	3246600	7621	140	0.000000	0.328633	0.309521	3246600	0.328633	0.309521
CELL_TYPES_WANSLEEBEN_HOGAN_2013_EPITHELIAL	proportion	StageI	9461520	7621	408	0.000000	0.328633	0.310319	9461520	0.328633	0.310319
CELL_TYPES_WANSLEEBEN_HOGAN_2013_EPITHELIAL	shannon	Normal	1752830	7621	230	0.933720	0.552955	0.489356	116177	0.660586	0.328089
CELL_TYPES_WANSLEEBEN_HOGAN_2013_EPITHELIAL	shannon	IVprimary	609680	7621	80	0.926703	0.554081	0.489696	44688	0.688394	0.339538
CELL_TYPES_WANSLEEBEN_HOGAN_2013_EPITHELIAL	shannon	Met	1066940	7621	140	0.980480	0.559991	0.493935	20827	0.650370	0.320832
CELL_TYPES_WANSLEEBEN_HOGAN_2013_EPITHELIAL	shannon	StageI	3109368	7621	408	0.962665	0.557883	0.492443	116089	0.684889	0.323516
CELL_TYPES_WANSLEEBEN_HOGAN_2013_EXHAUSTED_REGUL	classic	Normal	999012	5097	196	0.949999	0.020066	0.123962	49952	0.401303	0.392852
CELL_TYPES_WANSLEEBEN_HOGAN_2013_EXHAUSTED_REGUL	classic	Met	856296	5097	168	0.977740	0.008743	0.080643	19061	0.392786	0.375910
CELL_TYPES_WANSLEEBEN_HOGAN_2013_EXHAUSTED_REGUL	classic	StageI	3741198	5097	734	0.984570	0.006170	0.069505	57728	0.399888	0.394506
CELL_TYPES_WANSLEEBEN_HOGAN_2013_EXHAUSTED_REGUL	proportion	Normal	5889604	8357	196	0.000000	0.278112	0.291180	5889604	0.278112	0.291180
CELL_TYPES_WANSLEEBEN_HOGAN_2013_EXHAUSTED_REGUL	proportion	Met	5048232	8357	168	0.000000	0.278112	0.288454	5048232	0.278112	0.288454
CELL_TYPES_WANSLEEBEN_HOGAN_2013_EXHAUSTED_REGUL	proportion	StageI	22055966	8357	734	0.000000	0.278112	0.288268	22055966	0.278112	0.288268
CELL_TYPES_WANSLEEBEN_HOGAN_2013_EXHAUSTED_REGUL	shannon	Normal	1637972	8357	196	0.921236	0.597482	0.480837	129013	0.707953	0.297933
CELL_TYPES_WANSLEEBEN_HOGAN_2013_EXHAUSTED_REGUL	shannon	Met	1403976	8357	168	0.964885	0.605387	0.485192	49301	0.727643	0.314658
CELL_TYPES_WANSLEEBEN_HOGAN_2013_EXHAUSTED_REGUL	shannon	StageI	6134038	8357	734	0.974490	0.605942	0.485605	156478	0.723056	0.289893
CELL_TYPES_WANSLEEBEN_HOGAN_2013_GOBLET_CELLS	classic	IVprimary	265375	4825	55	0.958463	0.016666	0.113927	11023	0.401226	0.397719
CELL_TYPES_WANSLEEBEN_HOGAN_2013_GOBLET_CELLS	classic	Met	815425	4825	169	0.961423	0.013597	0.095875	31457	0.352465	0.344724
CELL_TYPES_WANSLEEBEN_HOGAN_2013_GOBLET_CELLS	classic	StageI	443900	4825	92	0.952971	0.017192	0.109934	20876	0.365565	0.360038
CELL_TYPES_WANSLEEBEN_HOGAN_2013_GOBLET_CELLS	proportion	IVprimary	1292390	8522	55	0.000000	0.362669	0.311693	1292390	0.362669	0.311693
CELL_TYPES_WANSLEEBEN_HOGAN_2013_GOBLET_CELLS	proportion	Met	3971162	8522	169	0.000000	0.362669	0.309793	3971162	0.362669	0.309793
CELL_TYPES_WANSLEEBEN_HOGAN_2013_GOBLET_CELLS	proportion	StageI	2161816	8522	92	0.000000	0.362669	0.310765	2161816	0.362669	0.310765
CELL_TYPES_WANSLEEBEN_HOGAN_2013_GOBLET_CELLS	shannon	IVprimary	468710	8522	55	0.947631	0.556720	0.489852	24546	0.657312	0.308025
CELL_TYPES_WANSLEEBEN_HOGAN_2013_GOBLET_CELLS	shannon	Met	1440218	8522	169	0.951883	0.561121	0.492105	69299	0.714310	0.344857
CELL_TYPES_WANSLEEBEN_HOGAN_2013_GOBLET_CELLS	shannon	StageI	784024	8522	92	0.945392	0.558777	0.490807	42814	0.669219	0.343265
CELL_TYPES_WANSLEEBEN_HOGAN_2013_MACROPHAGE_M1	classic	Normal	1194150	4190	285	0.960745	0.015386	0.106021	46876	0.391948	0.372497
CELL_TYPES_WANSLEEBEN_HOGAN_2013_MACROPHAGE_M1	classic	IVprimary	393860	4190	94	0.971888	0.010333	0.088334	11072	0.367576	0.382436
CELL_TYPES_WANSLEEBEN_HOGAN_2013_MACROPHAGE_M1	classic	Met	339390	4190	81	0.994932	0.002342	0.043854	1720	0.462175	0.408612
CELL_TYPES_WANSLEEBEN_HOGAN_2013_MACROPHAGE_M1	proportion	Normal	6404520	7378	285	0.000000	0.328320	0.309109	6404520	0.328320	0.309109
CELL_TYPES_WANSLEEBEN_HOGAN_2013_MACROPHAGE_M1	proportion	IVprimary	2112368	7378	94	0.000000	0.328320	0.308522	2112368	0.328320	0.308522
CELL_TYPES_WANSLEEBEN_HOGAN_2013_MACROPHAGE_M1	proportion	Met	1820232	7378	81	0.000000	0.328320	0.306945	1820232	0.328320	0.306945
CELL_TYPES_WANSLEEBEN_HOGAN_2013_MACROPHAGE_M1	shannon	Normal	2102730	7378	285	0.947685	0.560820	0.490761	110004	0.702271	0.323767
CELL_TYPES_WANSLEEBEN_HOGAN_2013_MACROPHAGE_M1	shannon	IVprimary	693532	7378	94	0.959017	0.562341	0.491783	28423	0.681834	0.336044
CELL_TYPES_WANSLEEBEN_HOGAN_2013_MACROPHAGE_M1	shannon	Met	597618	7378	81	0.992562	0.566484	0.494570	4445	0.638192	0.314792
CELL_TYPES_WANSLEEBEN_HOGAN_2013_MACROPHAGE_M2	classic	Normal	3243060	4190	774	0.937116	0.023334	0.127257	203935	0.371063	0.358467
CELL_TYPES_WANSLEEBEN_HOGAN_2013_MACROPHAGE_M2	classic	IVprimary	1236050	4190	295	0.976252	0.008563	0.080622	29354	0.360594	0.383090
CELL_TYPES_WANSLEEBEN_HOGAN_2013_MACROPHAGE_M2	classic	Met	1533540	4190	366	0.985255	0.005429	0.064210	22612	0.368206	0.382150
CELL_TYPES_WANSLEEBEN_HOGAN_2013_MACROPHAGE_M2	classic	StageI	3364570	4190	803	0.973151	0.010440	0.088438	90334	0.388832	0.379706
CELL_TYPES_WANSLEEBEN_HOGAN_2013_MACROPHAGE_M2	proportion	Normal	17393328	7378	774	0.000000	0.328320	0.310106	17393328	0.328320	0.310106
CELL_TYPES_WANSLEEBEN_HOGAN_2013_MACROPHAGE_M2	proportion	IVprimary	6629240	7378	295	0.000000	0.328320	0.308212	6629240	0.328320	0.308212
CELL_TYPES_WANSLEEBEN_HOGAN_2013_MACROPHAGE_M2	proportion	Met	8224752	7378	366	0.000000	0.328320	0.307485	8224752	0.328320	0.307485
CELL_TYPES_WANSLEEBEN_HOGAN_2013_MACROPHAGE_M2	proportion	StageI	18045016	7378	803	0.000000	0.328320	0.308410	18045016	0.328320	0.308410
CELL_TYPES_WANSLEEBEN_HOGAN_2013_MACROPHAGE_M2	shannon	Normal	5710572	7378	774	0.919075	0.558093	0.488735	462128	0.707474	0.333199
CELL_TYPES_WANSLEEBEN_HOGAN_2013_MACROPHAGE_M2	shannon	IVprimary	2176510	7378	295	0.964950	0.563155	0.492319	76287	0.684245	0.335228
CELL_TYPES_WANSLEEBEN_HOGAN_2013_MACROPHAGE_M2	shannon	Met	2700348	7378	366	0.979891	0.565052	0.493588	54302	0.672382	0.337530
CELL_TYPES_WANSLEEBEN_HOGAN_2013_MACROPHAGE_M2	shannon	StageI	5924534	7378	803	0.962157	0.562647	0.492018	224202	0.688446	0.330089
CELL_TYPES_WANSLEEBEN_HOGAN_2013_MAST	classic	Normal	636880	4190	152	0.971701	0.010749	0.090533	18023	0.379826	0.386581
CELL_TYPES_WANSLEEBEN_HOGAN_2013_MAST	classic	IVprimary	385480	4190	92	0.981052	0.007173	0.075077	7304	0.378558	0.396090
CELL_TYPES_WANSLEEBEN_HOGAN_2013_MAST	classic	StageI	875710	4190	209	0.985999	0.005470	0.065763	12261	0.390715	0.397951
CELL_TYPES_WANSLEEBEN_HOGAN_2013_MAST	proportion	Normal	3415744	7378	152	0.000000	0.328320	0.308722	3415744	0.328320	0.308722
CELL_TYPES_WANSLEEBEN_HOGAN_2013_MAST	proportion	IVprimary	2067424	7378	92	0.000000	0.328320	0.308081	2067424	0.328320	0.308081
CELL_TYPES_WANSLEEBEN_HOGAN_2013_MAST	proportion	StageI	4696648	7378	209	0.000000	0.328320	0.307639	4696648	0.328320	0.307639
CELL_TYPES_WANSLEEBEN_HOGAN_2013_MAST	shannon	Normal	1121456	7378	152	0.961399	0.561826	0.491592	43289	0.675651	0.319645
CELL_TYPES_WANSLEEBEN_HOGAN_2013_MAST	shannon	IVprimary	678776	7378	92	0.971939	0.563510	0.492665	19047	0.662098	0.328613
CELL_TYPES_WANSLEEBEN_HOGAN_2013_MAST	shannon	StageI	1542002	7378	209	0.979638	0.564657	0.493395	31399	0.667953	0.323806
CELL_TYPES_WANSLEEBEN_HOGAN_2013_MESENCHYAL	classic	Normal	624310	4190	149	0.877079	0.045912	0.177041	76741	0.373509	0.364183
CELL_TYPES_WANSLEEBEN_HOGAN_2013_MESENCHYAL	classic	Met	1734660	4190	414	0.992275	0.003167	0.050838	13401	0.409913	0.409653
CELL_TYPES_WANSLEEBEN_HOGAN_2013_MESENCHYAL	proportion	Normal	3348328	7378	149	0.000000	0.328320	0.314189	3348328	0.328320	0.314189
CELL_TYPES_WANSLEEBEN_HOGAN_2013_MESENCHYAL	proportion	Met	9303408	7378	414	0.000000	0.328320	0.307152	9303408	0.328320	0.307152
CELL_TYPES_WANSLEEBEN_HOGAN_2013_MESENCHYAL	shannon	Normal	1099322	7378	149	0.843318	0.547137	0.481229	172244	0.699842	0.326635
CELL_TYPES_WANSLEEBEN_HOGAN_2013_MESENCHYAL	shannon	Met	3054492	7378	414	0.989510	0.565932	0.494245	32042	0.631787	0.318705
CELL_TYPES_WANSLEEBEN_HOGAN_2013_MONOCYTIC	classic	Normal	5149510	4190	1229	0.945392	0.020316	0.120615	281203	0.372027	0.368189
CELL_TYPES_WANSLEEBEN_HOGAN_2013_MONOCYTIC	classic	IVprimary	414810	4190	99	0.976630	0.008628	0.081598	9694	0.369191	0.389604
CELL_TYPES_WANSLEEBEN_HOGAN_2013_MONOCYTIC	classic	Met	1638290	4190	391	0.988210	0.004602	0.060522	19316	0.390320	0.400140
CELL_TYPES_WANSLEEBEN_HOGAN_2013_MONOCYTIC	classic	StageI	4458160	4190	1064	0.979086	0.008091	0.078963	93237	0.386873	0.389357
CELL_TYPES_WANSLEEBEN_HOGAN_2013_MONOCYTIC	proportion	Normal	27618088	7378	1229	0.000000	0.328320	0.310040	27618088	0.328320	0.310040
CELL_TYPES_WANSLEEBEN_HOGAN_2013_MONOCYTIC	proportion	IVprimary	2224728	7378	99	0.000000	0.328320	0.308344	2224728	0.328320	0.308344
CELL_TYPES_WANSLEEBEN_HOGAN_2013_MONOCYTIC	proportion	Met	8786552	7378	391	0.000000	0.328320	0.307453	8786552	0.328320	0.307453
CELL_TYPES_WANSLEEBEN_HOGAN_2013_MONOCYTIC	proportion	StageI	23910208	7378	1064	0.000000	0.328320	0.308102	23910208	0.328320	0.308102
CELL_TYPES_WANSLEEBEN_HOGAN_2013_MONOCYTIC	shannon	Normal	9067562	7378	1229	0.928528	0.558297	0.489045	648074	0.699306	0.325938
CELL_TYPES_WANSLEEBEN_HOGAN_2013_MONOCYTIC	shannon	IVprimary	730422	7378	99	0.965353	0.562820	0.492177	25307	0.670741	0.332743
CELL_TYPES_WANSLEEBEN_HOGAN_2013_MONOCYTIC	shannon	Met	2884798	7378	391	0.984161	0.565159	0.493749	45693	0.662300	0.315497
CELL_TYPES_WANSLEEBEN_HOGAN_2013_MONOCYTIC	shannon	StageI	7850192	7378	1064	0.970760	0.563450	0.492605	229543	0.676800	0.324644
CELL_TYPES_WANSLEEBEN_HOGAN_2013_NE_CELLS	classic	Met	572964	5026	114	0.967085	0.012183	0.092259	18859	0.370123	0.355132
CELL_TYPES_WANSLEEBEN_HOGAN_2013_NE_CELLS	classic	StageI	467418	5026	93	0.945528	0.019983	0.119297	25461	0.366858	0.366080
CELL_TYPES_WANSLEEBEN_HOGAN_2013_NE_CELLS	proportion	Met	3294486	8179	114	0.000000	0.283020	0.287972	3294486	0.283020	0.287972
CELL_TYPES_WANSLEEBEN_HOGAN_2013_NE_CELLS	proportion	StageI	2687607	8179	93	0.000000	0.283020	0.289472	2687607	0.283020	0.289472
CELL_TYPES_WANSLEEBEN_HOGAN_2013_NE_CELLS	shannon	Met	932406	8179	114	0.947484	0.608957	0.483369	48966	0.754786	0.315780
CELL_TYPES_WANSLEEBEN_HOGAN_2013_NE_CELLS	shannon	StageI	760647	8179	93	0.919870	0.604684	0.480977	60951	0.735063	0.314033
CELL_TYPES_WANSLEEBEN_HOGAN_2013_NK_CELLS	classic	Met	371924	5026	74	0.984725	0.005771	0.067195	5681	0.377827	0.393738
CELL_TYPES_WANSLEEBEN_HOGAN_2013_NK_CELLS	classic	StageI	2593416	5026	516	0.975636	0.009918	0.087952	63185	0.407092	0.394738
CELL_TYPES_WANSLEEBEN_HOGAN_2013_NK_CELLS	proportion	Met	2138526	8179	74	0.000000	0.283020	0.287428	2138526	0.283020	0.287428
CELL_TYPES_WANSLEEBEN_HOGAN_2013_NK_CELLS	proportion	StageI	14911884	8179	516	0.000000	0.283020	0.288272	14911884	0.283020	0.288272
CELL_TYPES_WANSLEEBEN_HOGAN_2013_NK_CELLS	shannon	Met	605246	8179	74	0.974210	0.610596	0.484588	15609	0.729681	0.288329
CELL_TYPES_WANSLEEBEN_HOGAN_2013_NK_CELLS	shannon	StageI	4220364	8179	516	0.961279	0.608186	0.483323	163415	0.713669	0.288271
CELL_TYPES_WANSLEEBEN_HOGAN_2013_PERICYTES	classic	IVprimary	419256	5823	72	0.977756	0.008014	0.078778	9326	0.360292	0.389960
CELL_TYPES_WANSLEEBEN_HOGAN_2013_PERICYTES	classic	Met	1036494	5823	178	0.968423	0.011298	0.088731	32729	0.357807	0.354056
CELL_TYPES_WANSLEEBEN_HOGAN_2013_PERICYTES	classic	StageI	826866	5823	142	0.973086	0.010846	0.091298	22254	0.402979	0.389466
CELL_TYPES_WANSLEEBEN_HOGAN_2013_PERICYTES	proportion	IVprimary	2482704	9412	72	0.000000	0.272954	0.286125	2482704	0.272954	0.286125
CELL_TYPES_WANSLEEBEN_HOGAN_2013_PERICYTES	proportion	Met	6137796	9412	178	0.000000	0.272954	0.285992	6137796	0.272954	0.285992
CELL_TYPES_WANSLEEBEN_HOGAN_2013_PERICYTES	proportion	StageI	4896444	9412	142	0.000000	0.272954	0.286491	4896444	0.272954	0.286491
CELL_TYPES_WANSLEEBEN_HOGAN_2013_PERICYTES	shannon	IVprimary	677664	9412	72	0.961987	0.613296	0.482769	25760	0.735277	0.294671
CELL_TYPES_WANSLEEBEN_HOGAN_2013_PERICYTES	shannon	Met	1675336	9412	178	0.950237	0.613592	0.482681	83370	0.756364	0.318680
CELL_TYPES_WANSLEEBEN_HOGAN_2013_PERICYTES	shannon	StageI	1336504	9412	142	0.956134	0.612188	0.482215	58627	0.716005	0.303387
CELL_TYPES_WANSLEEBEN_HOGAN_2013_SEROUS_CELLS	classic	Normal	1399460	4190	334	0.955614	0.016265	0.108890	62117	0.366448	0.372571
CELL_TYPES_WANSLEEBEN_HOGAN_2013_SEROUS_CELLS	classic	IVprimary	494420	4190	118	0.976777	0.008168	0.078269	11482	0.351700	0.378111
CELL_TYPES_WANSLEEBEN_HOGAN_2013_SEROUS_CELLS	classic	Met	427380	4190	102	0.986693	0.005161	0.064414	5687	0.387842	0.404216
CELL_TYPES_WANSLEEBEN_HOGAN_2013_SEROUS_CELLS	classic	StageI	3557310	4190	849	0.974729	0.009612	0.085166	89897	0.380371	0.382090
CELL_TYPES_WANSLEEBEN_HOGAN_2013_SEROUS_CELLS	proportion	Normal	7505648	7378	334	0.000000	0.328320	0.309530	7505648	0.328320	0.309530
CELL_TYPES_WANSLEEBEN_HOGAN_2013_SEROUS_CELLS	proportion	IVprimary	2651696	7378	118	0.000000	0.328320	0.308047	2651696	0.328320	0.308047
CELL_TYPES_WANSLEEBEN_HOGAN_2013_SEROUS_CELLS	proportion	Met	2292144	7378	102	0.000000	0.328320	0.307565	2292144	0.328320	0.307565
CELL_TYPES_WANSLEEBEN_HOGAN_2013_SEROUS_CELLS	proportion	StageI	19078728	7378	849	0.000000	0.328320	0.308295	19078728	0.328320	0.308295
