celltype	stage	rank_bucket	n_rows	mean_prop_all	n_cov	mean_prop_cov
CELL_TYPES_WANSLEEBEN_HOGAN_2013_ACTIVATED_CD8T	Normal	1	8809024	0.32831969	8809024	0.32831969
CELL_TYPES_WANSLEEBEN_HOGAN_2013_ACTIVATED_CD8T	Met	1	14876464	0.32831969	14876464	0.32831969
CELL_TYPES_WANSLEEBEN_HOGAN_2013_AE2	IVprimary	1	2966304	0.32831969	2966304	0.32831969
CELL_TYPES_WANSLEEBEN_HOGAN_2013_AE2	Normal	1	2292144	0.32831969	2292144	0.32831969
CELL_TYPES_WANSLEEBEN_HOGAN_2013_AE2	StageI	1	22561888	0.32831969	22561888	0.32831969
CELL_TYPES_WANSLEEBEN_HOGAN_2013_AE2	Met	1	3393272	0.32831969	3393272	0.32831969
CELL_TYPES_WANSLEEBEN_HOGAN_2013_CILIATED_CELLS	Normal	1	5348336	0.32831969	5348336	0.32831969
CELL_TYPES_WANSLEEBEN_HOGAN_2013_CILIATED_CELLS	StageI	1	3707880	0.32831969	3707880	0.32831969
CELL_TYPES_WANSLEEBEN_HOGAN_2013_CILIATED_CELLS	Met	1	3078664	0.32831969	3078664	0.32831969
CELL_TYPES_WANSLEEBEN_HOGAN_2013_CYTOTOXIC_T_NK	IVprimary	1	1685400	0.32831969	1685400	0.32831969
CELL_TYPES_WANSLEEBEN_HOGAN_2013_CYTOTOXIC_T_NK	Normal	1	15887704	0.32831969	15887704	0.32831969
CELL_TYPES_WANSLEEBEN_HOGAN_2013_CYTOTOXIC_T_NK	StageI	1	3415744	0.32831969	3415744	0.32831969
CELL_TYPES_WANSLEEBEN_HOGAN_2013_CYTOTOXIC_T_NK	Met	1	11325888	0.32831969	11325888	0.32831969
CELL_TYPES_WANSLEEBEN_HOGAN_2013_DC	IVprimary	1	3775296	0.32831969	3775296	0.32831969
CELL_TYPES_WANSLEEBEN_HOGAN_2013_DC	Normal	1	5505640	0.32831969	5505640	0.32831969
CELL_TYPES_WANSLEEBEN_HOGAN_2013_DC	StageI	1	37101272	0.32831969	37101272	0.32831969
CELL_TYPES_WANSLEEBEN_HOGAN_2013_DC	Met	1	15842760	0.32831969	15842760	0.32831969
CELL_TYPES_WANSLEEBEN_HOGAN_2013_ENDOTHELIAL	IVprimary	1	2017530	0.32863303	2017530	0.32863303
CELL_TYPES_WANSLEEBEN_HOGAN_2013_ENDOTHELIAL	Normal	1	10435500	0.32863303	10435500	0.32863303
CELL_TYPES_WANSLEEBEN_HOGAN_2013_ENDOTHELIAL	StageI	1	5727930	0.32863303	5727930	0.32863303
CELL_TYPES_WANSLEEBEN_HOGAN_2013_ENDOTHELIAL	Met	1	9276000	0.32863303	9276000	0.32863303
CELL_TYPES_WANSLEEBEN_HOGAN_2013_EPITHELIAL	IVprimary	1	1855200	0.32863303	1855200	0.32863303
CELL_TYPES_WANSLEEBEN_HOGAN_2013_EPITHELIAL	Normal	1	5333700	0.32863303	5333700	0.32863303
CELL_TYPES_WANSLEEBEN_HOGAN_2013_EPITHELIAL	StageI	1	9461520	0.32863303	9461520	0.32863303
CELL_TYPES_WANSLEEBEN_HOGAN_2013_EPITHELIAL	Met	1	3246600	0.32863303	3246600	0.32863303
CELL_TYPES_WANSLEEBEN_HOGAN_2013_EXHAUSTED_REGUL	Normal	1	5889604	0.27811242	5889604	0.27811242
CELL_TYPES_WANSLEEBEN_HOGAN_2013_EXHAUSTED_REGUL	StageI	1	22055966	0.27811242	22055966	0.27811242
CELL_TYPES_WANSLEEBEN_HOGAN_2013_EXHAUSTED_REGUL	Met	1	5048232	0.27811242	5048232	0.27811242
CELL_TYPES_WANSLEEBEN_HOGAN_2013_GOBLET_CELLS	IVprimary	1	1292390	0.36266916	1292390	0.36266916
CELL_TYPES_WANSLEEBEN_HOGAN_2013_GOBLET_CELLS	StageI	1	2161816	0.36266916	2161816	0.36266916
CELL_TYPES_WANSLEEBEN_HOGAN_2013_GOBLET_CELLS	Met	1	3971162	0.36266916	3971162	0.36266916
CELL_TYPES_WANSLEEBEN_HOGAN_2013_MACROPHAGE_M1	IVprimary	1	2112368	0.32831969	2112368	0.32831969
CELL_TYPES_WANSLEEBEN_HOGAN_2013_MACROPHAGE_M1	Normal	1	6404520	0.32831969	6404520	0.32831969
CELL_TYPES_WANSLEEBEN_HOGAN_2013_MACROPHAGE_M1	Met	1	1820232	0.32831969	1820232	0.32831969
CELL_TYPES_WANSLEEBEN_HOGAN_2013_MACROPHAGE_M2	IVprimary	1	6629240	0.32831969	6629240	0.32831969
CELL_TYPES_WANSLEEBEN_HOGAN_2013_MACROPHAGE_M2	Normal	1	17393328	0.32831969	17393328	0.32831969
CELL_TYPES_WANSLEEBEN_HOGAN_2013_MACROPHAGE_M2	StageI	1	18045016	0.32831969	18045016	0.32831969
CELL_TYPES_WANSLEEBEN_HOGAN_2013_MACROPHAGE_M2	Met	1	8224752	0.32831969	8224752	0.32831969
CELL_TYPES_WANSLEEBEN_HOGAN_2013_MAST	IVprimary	1	2067424	0.32831969	2067424	0.32831969
CELL_TYPES_WANSLEEBEN_HOGAN_2013_MAST	Normal	1	3415744	0.32831969	3415744	0.32831969
CELL_TYPES_WANSLEEBEN_HOGAN_2013_MAST	StageI	1	4696648	0.32831969	4696648	0.32831969
CELL_TYPES_WANSLEEBEN_HOGAN_2013_MESENCHYAL	Normal	1	3348328	0.32831969	3348328	0.32831969
CELL_TYPES_WANSLEEBEN_HOGAN_2013_MESENCHYAL	Met	1	9303408	0.32831969	9303408	0.32831969
CELL_TYPES_WANSLEEBEN_HOGAN_2013_MONOCYTIC	IVprimary	1	2224728	0.32831969	2224728	0.32831969
CELL_TYPES_WANSLEEBEN_HOGAN_2013_MONOCYTIC	Normal	1	27618088	0.32831969	27618088	0.32831969
CELL_TYPES_WANSLEEBEN_HOGAN_2013_MONOCYTIC	StageI	1	23910208	0.32831969	23910208	0.32831969
CELL_TYPES_WANSLEEBEN_HOGAN_2013_MONOCYTIC	Met	1	8786552	0.32831969	8786552	0.32831969
CELL_TYPES_WANSLEEBEN_HOGAN_2013_NE_CELLS	StageI	1	2687607	0.28302017	2687607	0.28302017
CELL_TYPES_WANSLEEBEN_HOGAN_2013_NE_CELLS	Met	1	3294486	0.28302017	3294486	0.28302017
CELL_TYPES_WANSLEEBEN_HOGAN_2013_NK_CELLS	StageI	1	14911884	0.28302017	14911884	0.28302017
CELL_TYPES_WANSLEEBEN_HOGAN_2013_NK_CELLS	Met	1	2138526	0.28302017	2138526	0.28302017
CELL_TYPES_WANSLEEBEN_HOGAN_2013_PERICYTES	IVprimary	1	2482704	0.27295400	2482704	0.27295400
CELL_TYPES_WANSLEEBEN_HOGAN_2013_PERICYTES	StageI	1	4896444	0.27295400	4896444	0.27295400
CELL_TYPES_WANSLEEBEN_HOGAN_2013_PERICYTES	Met	1	6137796	0.27295400	6137796	0.27295400
CELL_TYPES_WANSLEEBEN_HOGAN_2013_SEROUS_CELLS	IVprimary	1	2651696	0.32831969	2651696	0.32831969
CELL_TYPES_WANSLEEBEN_HOGAN_2013_SEROUS_CELLS	Normal	1	7505648	0.32831969	7505648	0.32831969
CELL_TYPES_WANSLEEBEN_HOGAN_2013_SEROUS_CELLS	StageI	1	19078728	0.32831969	19078728	0.32831969
CELL_TYPES_WANSLEEBEN_HOGAN_2013_SEROUS_CELLS	Met	1	2292144	0.32831969	2292144	0.32831969
CELL_TYPES_WANSLEEBEN_HOGAN_2013_TREG	IVprimary	1	1947960	0.32863303	1947960	0.32863303
CELL_TYPES_WANSLEEBEN_HOGAN_2013_TREG	Normal	1	35156040	0.32863303	35156040	0.32863303
CELL_TYPES_WANSLEEBEN_HOGAN_2013_TREG	StageI	1	41579670	0.32863303	41579670	0.32863303
CELL_TYPES_WANSLEEBEN_HOGAN_2013_TREG	Met	1	9206430	0.32863303	9206430	0.32863303
CELL_TYPES_WANSLEEBEN_HOGAN_2013_VASCULAR_ENDOTH	IVprimary	1	927600	0.32863303	927600	0.32863303
CELL_TYPES_WANSLEEBEN_HOGAN_2013_VASCULAR_ENDOTH	StageI	1	2063910	0.32863303	2063910	0.32863303
lung_epithelial_lineage_signatures_LECTIN_KRT5_B	IVprimary	1	4089904	0.32831969	4089904	0.32831969
lung_epithelial_lineage_signatures_LECTIN_KRT5_B	Normal	1	2584280	0.32831969	2584280	0.32831969
lung_epithelial_lineage_signatures_LECTIN_KRT5_B	StageI	1	2764056	0.32831969	2764056	0.32831969
lung_epithelial_lineage_signatures_MUCINOUS	IVprimary	1	2876416	0.32831969	2876416	0.32831969
lung_epithelial_lineage_signatures_MUCINOUS	Normal	1	6921376	0.32831969	6921376	0.32831969
lung_epithelial_lineage_signatures_MUCINOUS	StageI	1	16764112	0.32831969	16764112	0.32831969
lung_epithelial_lineage_signatures_MUCINOUS	Met	1	19842776	0.32831969	19842776	0.32831969
lung_epithelial_lineage_signatures_PNECS	StageI	1	1947960	0.32863303	1947960	0.32863303
lung_epithelial_lineage_signatures_PNECS	Met	1	7142520	0.32863303	7142520	0.32863303
stem_cell_signatures_merged_NK_CELL_SPECIFIC_MAR	Normal	1	21370872	0.32831969	21370872	0.32831969
stem_cell_signatures_merged_NK_CELL_SPECIFIC_MAR	StageI	1	20606824	0.32831969	20606824	0.32831969
stem_cell_signatures_merged_NK_CELL_SPECIFIC_MAR	Met	1	5033728	0.32831969	5033728	0.32831969
